{
  "meta": {
    "n_obs": 800,
    "n_species": 33,
    "budget": 200,
    "seeds": 20,
    "backbone": "resnet50_imagenet",
    "device": "cuda",
    "runtime_s": 133.2
  },
  "results": {
    "random": {
      "auc_mean": 19.217750000000002,
      "auc_std": 1.305118265713878,
      "species_at_budget_mean": 25.2,
      "species_at_budget_std": 1.8055470085267789
    },
    "spatial_coverage": {
      "auc_mean": 21.597749999999998,
      "auc_std": 0.962775252849802,
      "species_at_budget_mean": 29.25,
      "species_at_budget_std": 1.1779218989389746
    },
    "embedding_novelty": {
      "auc_mean": 19.024000000000004,
      "auc_std": 0.4978744821739718,
      "species_at_budget_mean": 24.1,
      "species_at_budget_std": 0.8888194417315588
    }
  },
  "curves_mean": {
    "random": [
      1.0,
      1.95,
      2.8,
      3.55,
      4.2,
      4.85,
      5.35,
      5.8,
      6.3,
      6.95,
      7.55,
      8.1,
      8.55,
      8.95,
      9.35,
      9.8,
      10.1,
      10.5,
      10.65,
      10.85,
      11.0,
      11.3,
      11.7,
      12.05,
      12.3,
      12.5,
      12.75,
      13.0,
      13.3,
      13.45,
      13.5,
      13.7,
      13.85,
      14.15,
      14.25,
      14.5,
      14.75,
      14.9,
      15.15,
      15.2,
      15.35,
      15.35,
      15.4,
      15.6,
      15.7,
      15.75,
      15.8,
      16.1,
      16.2,
      16.4,
      16.5,
      16.6,
      17.0,
      17.1,
      17.15,
      17.15,
      17.25,
      17.35,
      17.45,
      17.45,
      17.6,
      17.65,
      17.75,
      17.85,
      18.1,
      18.15,
      18.2,
      18.25,
      18.35,
      18.6,
      18.65,
      18.75,
      18.75,
      18.8,
      18.9,
      19.0,
      19.15,
      19.25,
      19.3,
      19.3,
      19.35,
      19.5,
      19.65,
      19.9,
      20.0,
      20.1,
      20.1,
      20.2,
      20.2,
      20.3,
      20.35,
      20.4,
      20.5,
      20.65,
      20.75,
      20.8,
      20.8,
      20.85,
      21.0,
      21.1,
      21.1,
      21.15,
      21.2,
      21.2,
      21.25,
      21.25,
      21.4,
      21.4,
      21.4,
      21.45,
      21.5,
      21.6,
      21.7,
      21.8,
      21.8,
      21.9,
      22.0,
      22.0,
      22.05,
      22.1,
      22.15,
      22.15,
      22.15,
      22.2,
      22.2,
      22.25,
      22.35,
      22.35,
      22.4,
      22.45,
      22.45,
      22.5,
      22.55,
      22.55,
      22.65,
      22.7,
      22.8,
      22.9,
      23.05,
      23.1,
      23.1,
      23.1,
      23.1,
      23.1,
      23.2,
      23.25,
      23.25,
      23.4,
      23.5,
      23.55,
      23.65,
      23.65,
      23.7,
      23.7,
      23.7,
      23.7,
      23.75,
      23.75,
      23.8,
      23.8,
      23.8,
      23.8,
      23.85,
      23.85,
      23.85,
      23.9,
      24.0,
      24.1,
      24.1,
      24.1,
      24.1,
      24.15,
      24.25,
      24.25,
      24.3,
      24.3,
      24.35,
      24.45,
      24.45,
      24.55,
      24.65,
      24.7,
      24.8,
      24.85,
      24.85,
      24.9,
      24.9,
      24.9,
      24.95,
      25.0,
      25.05,
      25.1,
      25.15,
      25.2,
      25.2,
      25.2,
      25.2,
      25.2,
      25.2,
      25.2
    ],
    "spatial_coverage": [
      1.0,
      1.95,
      2.35,
      3.3,
      4.3,
      5.05,
      5.7,
      6.45,
      7.3,
      8.25,
      8.55,
      8.7,
      9.1,
      9.55,
      10.1,
      10.3,
      10.8,
      10.95,
      11.1,
      11.55,
      11.85,
      11.95,
      12.05,
      12.4,
      12.5,
      12.75,
      12.9,
      13.2,
      13.55,
      13.85,
      14.0,
      14.25,
      14.45,
      14.6,
      14.75,
      15.15,
      15.25,
      15.4,
      15.95,
      16.1,
      16.3,
      16.3,
      16.65,
      16.75,
      17.0,
      17.35,
      17.45,
      17.6,
      17.95,
      18.15,
      18.35,
      18.4,
      18.45,
      18.5,
      18.55,
      18.6,
      18.65,
      18.75,
      18.75,
      18.8,
      18.9,
      19.05,
      19.3,
      19.35,
      19.5,
      19.65,
      19.75,
      19.9,
      20.15,
      20.15,
      20.3,
      20.5,
      20.85,
      21.1,
      21.35,
      21.5,
      21.7,
      21.8,
      21.9,
      21.95,
      21.95,
      22.05,
      22.25,
      22.35,
      22.45,
      22.6,
      22.8,
      23.0,
      23.1,
      23.15,
      23.15,
      23.25,
      23.4,
      23.45,
      23.45,
      23.55,
      23.6,
      23.65,
      23.8,
      23.85,
      23.95,
      23.95,
      24.0,
      24.1,
      24.2,
      24.25,
      24.25,
      24.25,
      24.35,
      24.4,
      24.45,
      24.45,
      24.45,
      24.5,
      24.5,
      24.5,
      24.55,
      24.6,
      24.65,
      24.65,
      24.65,
      24.65,
      24.7,
      24.8,
      24.9,
      25.05,
      25.1,
      25.15,
      25.25,
      25.25,
      25.3,
      25.3,
      25.35,
      25.35,
      25.35,
      25.4,
      25.45,
      25.45,
      25.5,
      25.55,
      25.6,
      25.65,
      25.7,
      25.7,
      25.85,
      26.0,
      26.1,
      26.15,
      26.2,
      26.3,
      26.35,
      26.6,
      26.75,
      26.85,
      27.15,
      27.25,
      27.55,
      27.9,
      27.95,
      27.95,
      27.95,
      27.95,
      28.0,
      28.0,
      28.05,
      28.2,
      28.4,
      28.45,
      28.45,
      28.55,
      28.55,
      28.55,
      28.55,
      28.55,
      28.55,
      28.55,
      28.55,
      28.55,
      28.55,
      28.6,
      28.6,
      28.65,
      28.7,
      28.75,
      28.75,
      28.9,
      28.95,
      29.0,
      29.0,
      29.0,
      29.05,
      29.15,
      29.15,
      29.15,
      29.15,
      29.15,
      29.15,
      29.2,
      29.2,
      29.25
    ],