{
  "meta": {
    "n_obs": 1199,
    "n_species": 36,
    "budget": 300,
    "seeds": 20,
    "backbone": "dinov2_vits14",
    "device": "cpu",
    "runtime_s": 794.2
  },
  "results": {
    "random": {
      "auc_mean": 21.897166666666667,
      "auc_std": 1.3147844246618274,
      "species_at_budget_mean": 28.25,
      "species_at_budget_std": 2.094636006565341
    },
    "spatial_coverage": {
      "auc_mean": 23.895333333333333,
      "auc_std": 0.9750762933113376,
      "species_at_budget_mean": 30.65,
      "species_at_budget_std": 1.061838029079765
    },
    "embedding_novelty": {
      "auc_mean": 23.153666666666666,
      "auc_std": 0.5706739680218278,
      "species_at_budget_mean": 30.0,
      "species_at_budget_std": 1.140175425099138
    }
  },
  "curves_mean": {
    "random": [
      1.0,
      1.95,
      2.75,
      3.6,
      4.4,
      5.2,
      5.8,
      6.3,
      7.0,
      7.6,
      8.15,
      8.6,
      9.2,
      9.65,
      9.85,
      10.1,
      10.25,
      10.5,
      10.85,
      11.0,
      11.35,
      11.55,
      11.9,
      12.2,
      12.35,
      12.9,
      13.05,
      13.25,
      13.25,
      13.5,
      13.65,
      14.0,
      14.15,
      14.35,
      14.55,
      14.75,
      14.8,
      15.1,
      15.25,
      15.4,
      15.45,
      15.6,
      15.7,
      15.9,
      16.05,
      16.25,
      16.35,
      16.5,
      16.55,
      16.6,
      16.7,
      16.85,
      16.85,
      16.9,
      17.0,
      17.2,
      17.4,
      17.55,
      17.55,
      17.55,
      17.7,
      17.75,
      17.95,
      18.0,
      18.1,
      18.2,
      18.35,
      18.45,
      18.65,
      18.8,
      18.85,
      18.85,
      18.95,
      19.0,
      19.05,
      19.2,
      19.25,
      19.35,
      19.4,
      19.6,
      19.8,
      19.9,
      19.95,
      20.0,
      20.15,
      20.15,
      20.3,
      20.35,
      20.45,
      20.45,
      20.55,
      20.55,
      20.6,
      20.75,
      20.8,
      20.8,
      20.9,
      20.9,
      21.0,
      21.05,
      21.05,
      21.15,
      21.2,
      21.3,
      21.35,
      21.35,
      21.4,
      21.4,
      21.4,
      21.45,
      21.55,
      21.6,
      21.6,
      21.65,
      21.7,
      21.8,
      21.9,
      21.95,
      21.95,
      22.0,
      22.05,
      22.1,
      22.25,
      22.25,
      22.35,
      22.35,
      22.4,
      22.4,
      22.5,
      22.5,
      22.6,
      22.65,
      22.75,
      22.75,
      22.85,
      22.9,
      22.9,
      22.9,
      22.95,
      22.95,
      23.0,
      23.05,
      23.1,
      23.1,
      23.2,
      23.2,
      23.2,
      23.2,
      23.2,
      23.2,
      23.35,
      23.35,
      23.45,
      23.55,
      23.55,
      23.6,
      23.7,
      23.75,
      23.9,
      23.95,
      23.95,
      24.0,
      24.05,
      24.15,
      24.2,
      24.3,
      24.4,
      24.4,
      24.55,
      24.6,
      24.6,
      24.65,
      24.65,
      24.65,
      24.65,
      24.65,
      24.65,
      24.65,
      24.75,
      24.75,
      24.75,
      24.8,
      24.85,
      24.85,
      24.85,
      24.9,
      24.9,
      24.95,
      24.95,
      24.95,
      25.0,
      25.05,
      25.1,
      25.15,
      25.2,
      25.2,
      25.2,
      25.25,
      25.35,
      25.35,
      25.35,
      25.4,
      25.45,
      25.55,
      25.55,
      25.55,
      25.6,
      25.6,
      25.6,
      25.65,
      25.7,
      25.75,
      25.8,
      25.9,
      25.9,
      25.95,
      25.95,
      26.0,
      26.0,
      26.05,
      26.1,
      26.1,
      26.15,
      26.2,
      26.2,
      26.25,
      26.25,
      26.3,
      26.35,
      26.4,
      26.45,
      26.45,
      26.45,
      26.5,
      26.5,
      26.55,
      26.6,
      26.6,
      26.6,
      26.65,
      26.65,
      26.65,
      26.65,
      26.7,
      26.75,
      26.8,
      26.85,
      26.9,
      26.9,
      27.0,
      27.0,
      27.0,
      27.05,
      27.15,
      27.15,
      27.2,
      27.2,
      27.25,
      27.25,
      27.3,
      27.4,
      27.45,
      27.45,
      27.5,
      27.5,
      27.65,
      27.65,
      27.65,
      27.7,
      27.7,
      27.8,
      27.85,
      27.9,
      27.9,
      27.9,
      27.9,
      27.9,
      27.95,
      28.05,
      28.05,
      28.05,
      28.05,
      28.05,
      28.05,
      28.1,
      28.1,
      28.1,
      28.15,
      28.15,
      28.15,
      28.15,
      28.15,
      28.15,
      28.2,
      28.2,
      28.2,
      28.25,
      28.25,
      28.25,
      28.25
    ],