{
  "meta": {
    "n_obs": 1200,
    "n_species": 36,
    "budget": 300,
    "seeds": 20,
    "backbone": "clip_vit_b32",
    "device": "cpu",
    "runtime_s": 700.1
  },
  "results": {
    "random": {
      "auc_mean": 21.685166666666667,
      "auc_std": 1.6896618580190668,
      "species_at_budget_mean": 28.15,
      "species_at_budget_std": 2.0802644062714717
    },
    "spatial_coverage": {
      "auc_mean": 24.229666666666667,
      "auc_std": 1.1398824988177998,
      "species_at_budget_mean": 30.75,
      "species_at_budget_std": 0.8874119674649424
    },
    "embedding_novelty": {
      "auc_mean": 23.3265,
      "auc_std": 0.5534342026534561,
      "species_at_budget_mean": 28.15,
      "species_at_budget_std": 0.9630680142129112
    }
  },
  "curves_mean": {
    "random": [
      1.0,
      2.0,
      2.85,
      3.6,
      4.55,
      5.2,
      5.9,
      6.3,
      6.9,
      7.45,
      7.95,
      8.35,
      8.65,
      8.95,
      9.3,
      9.7,
      9.95,
      10.5,
      10.7,
      11.05,
      11.4,
      11.7,
      11.85,
      12.15,
      12.35,
      12.45,
      12.6,
      12.9,
      13.2,
      13.4,
      13.8,
      13.95,
      14.05,
      14.25,
      14.45,
      14.65,
      14.7,
      14.9,
      15.15,
      15.25,
      15.3,
      15.55,
      15.65,
      15.75,
      15.85,
      16.0,
      16.0,
      16.2,
      16.3,
      16.4,
      16.5,
      16.6,
      16.65,
      16.8,
      16.9,
      17.1,
      17.45,
      17.5,
      17.65,
      17.8,
      17.85,
      17.9,
      18.0,
      18.05,
      18.1,
      18.2,
      18.25,
      18.3,
      18.35,
      18.4,
      18.5,
      18.6,
      18.8,
      18.85,
      18.9,
      18.95,
      18.95,
      19.0,
      19.0,
      19.25,
      19.4,
      19.6,
      19.7,
      19.75,
      19.8,
      19.8,
      20.0,
      20.05,
      20.1,
      20.25,
      20.25,
      20.25,
      20.3,
      20.45,
      20.55,
      20.6,
      20.7,
      20.75,
      20.75,
      20.75,
      20.8,
      20.95,
      21.05,
      21.1,
      21.1,
      21.15,
      21.25,
      21.3,
      21.3,
      21.3,
      21.35,
      21.5,
      21.5,
      21.5,
      21.5,
      21.55,
      21.65,
      21.7,
      21.7,
      21.75,
      21.8,
      21.9,
      22.0,
      22.15,
      22.15,
      22.3,
      22.3,
      22.3,
      22.3,
      22.35,
      22.4,
      22.5,
      22.5,
      22.5,
      22.6,
      22.6,
      22.65,
      22.75,
      22.75,
      22.85,
      22.85,
      22.85,
      22.85,
      22.85,
      22.95,
      23.0,
      23.05,
      23.1,
      23.15,
      23.2,
      23.3,
      23.4,
      23.45,
      23.5,
      23.5,
      23.5,
      23.55,
      23.6,
      23.65,
      23.65,
      23.7,
      23.75,
      23.85,
      23.95,
      24.0,
      24.1,
      24.15,
      24.15,
      24.15,
      24.2,
      24.2,
      24.2,
      24.3,
      24.3,
      24.3,
      24.35,
      24.5,
      24.5,
      24.55,
      24.55,
      24.55,
      24.6,
      24.65,
      24.7,
      24.7,
      24.8,
      24.8,
      24.9,
      24.9,
      24.9,
      24.95,
      25.0,
      25.05,
      25.1,
      25.1,
      25.1,
      25.15,
      25.2,
      25.25,
      25.25,
      25.3,
      25.3,
      25.35,
      25.35,
      25.4,
      25.4,
      25.4,
      25.45,
      25.45,
      25.45,
      25.45,
      25.5,
      25.5,
      25.5,
      25.55,
      25.55,
      25.55,
      25.55,
      25.55,
      25.65,
      25.65,
      25.7,
      25.8,
      25.8,
      25.8,
      25.9,
      25.95,
      26.0,
      26.0,
      26.05,
      26.05,
      26.1,
      26.2,
      26.2,
      26.25,
      26.25,
      26.3,
      26.3,
      26.3,
      26.35,
      26.35,
      26.4,
      26.4,
      26.5,
      26.5,
      26.55,
      26.6,
      26.6,
      26.6,
      26.6,
      26.6,
      26.65,
      26.7,
      26.8,
      26.9,
      26.95,
      26.95,
      26.95,
      27.0,
      27.05,
      27.1,
      27.1,
      27.15,
      27.2,
      27.2,
      27.3,
      27.3,
      27.3,
      27.3,
      27.3,
      27.35,
      27.4,
      27.5,
      27.5,
      27.55,
      27.55,
      27.55,
      27.55,
      27.6,
      27.7,
      27.7,
      27.7,
      27.75,
      27.8,
      27.8,
      27.85,
      27.85,
      27.85,
      27.9,
      27.9,
      27.9,
      27.9,
      27.95,
      28.0,
      28.05,
      28.05,
      28.05,
      28.05,
      28.1,
      28.15
    ],